ar,en
آدم,adam
آسر,Asr
آسيا,Asaia
آلاء,alaa
آمال,amal
آمنة,Ameenah
آمنه,Ameenah
آنيا,Ania
آيات,Aiat
آية,Ayah
آيةالله,ayatollah
آيسل,Aisal
آيلا,Aila
آيه,Ayah
أبرار,Abarar
أبو,abu
أبوحمادة,Abohamadah
أبودقة,abodqh
أبوزناد,Abozinad
أبوسريه,Abosriah
أبوسلطان,Abosaltan
أبوشماله,Aboshmalah
أبولبن,Abolbn
أبومحيسن,Abomuhaisan
أُبي,Abi
أثار,athar
أثال,athal
أحلام,ahlam
أحمد,ahmed
أحمد,ahmed
أدم,adam
أدهم,Adhm
أروى,Aroa
أريام,Araiam
أريج,Arij
أريح,Arih
أزاد,azad
أزهار,Azuhar
أسامة,Asamah
أسامه,Asamuah
أسد,asad
أسعد,Asaad
أسماء,Asamaa
أسيد,Asaid
أسيل,Asail
أشرف,ashraf
أغا,agha
أفنان,Afanan
أكرم,Akarm
ألاء,alaa
ألما,Alama
ألمى,alma
ألين,Alain
ألينا,ALina
أماني,Amanei
أمجد,amjad
أمل,Aml
أمنة,Ameenah
أمنه,Amunuah
أمير,amir
أميرة,amira
أميره,amira
أمين,Amain
أمينه,Amainuah
أنس,Anias
أنهار,Anuhar
أنوار,Anwar
أنور,anwar
أنيس,Aneis
أنيسه,Aneisuah
أهل,ahl
أوس,aws
أويس,Aois
أية,Ayah
أيلا,Aila
أيلول,Aylool
أيمن,ayman
أيمن,ayman
أيه,Ayah
أيهم,Aihm
أيوب,Aiob
إبتسام,Ibtsam
إبراهيم,Ibarahaiam
إزويد,Izoid
إسراء,israa
إسلام,Isalam
إسماعيل,Isamaail
إعتماد,Iatmad
إفتيحه,Iftihah
إلهام,ilham
إلياس,Ilaias
إليانا,Ilaiana
إلين,Ilain
إنتصار,Intsar
إياد,Iiad
إيلا,Iila
إيلاف,Iilaf
إيلياء,Iilaiaa
إيلين,Iilain
إيلينا,IiLina
إيمان,Iiaman
إيناس,Iinas
إيهاب,Iihab
ئائر,Aaar
ابتسال,Abtsal
ابتسام,Ebtesam
ابتهاج,Abthaj
ابتهال,ibtihal
ابرار,Abarar
ابراهيم,Ibrahem
ابرهيم,Abrhaiam
ابريك,Abrik
ابريكه,Abrikah
ابن/رحيمة,son-of-rahima
ابن/نبيلة,son-of-nabila
ابناسراء,Abnasraa
ابنالاء,Abnalaa
ابنانوار,Abnanwar
ابنة-دينا,Abnh-dina
ابنه,Abnuah
ابهار,Abhar
ابو,abu
ابوارتيمه,abuartima
ابواسحاق,abuishaq
ابواسحق,abuishaq
ابواسد,abuassad
ابواسماعيل,Abwasamaail
ابوالاعور,abual-awar
ابوالجبين,abual-jabain
ابوالجديان,abual-jidyan
ابوالجليل,abu-aljalil
ابوالحصين,Abu-AlHusayn
ابوالحصيني,abual-husseini
ابوالخير,abu-alkhair
ابوالروس,abual-rous
ابوالريش,abual-rish
ابوالسبح,abual-sabah
ابوالسعود,Abwalsaaod
ابوالشعر,abu-shaar
ابوالطيور,abul-toyor
ابوالعجين,abual-ajen
ابوالعضم,Abwaladhm
ابوالعطا,Abwalaata
ابوالعلا,abu-al-ala
ابوالعمرين,Abwalamarin
ابوالعنزين,abual-anzain
ابوالعنين,abual-enein
ابوالعوف,abual-aouf
ابوالعون,abual-aoun
ابوالعيش,abual-eish
ابوالفحم,abual-fahm
ابوالفيته,abual-fiteh
ابوالقرايا,abual-qaraya
ابوالقمصان,abual-qumsan
ابوالكاس,abual-kass
ابواللبن,abual-laban
ابوالليالي,abual-layali
ابوالليل,abual-layl
ابوالنجا,abual-naja
ابوالنور,abul-nour
ابوالنيل,abul-niel
ابوالهوى,abual-hawa
ابوبركة,abu-baraka
ابوبركه,abubaraka
ابوبرهوم,abu-barhoum
ابوبريك,Abobrik
ابوبريكه,abu-breika
ابوبشير,abu-basheer
ابوبطنين,Abobtanin
ابوبطيحان,abubutihan
ابوبكر,Abobkar
ابوبكره,Abobkarah
ابوبليمه,Aboblaiamuah
ابوبيض,abubayd
ابوتوها,abutoha
ابوتوهه,Abotohah
ابوتيم,abu-taym
ابوثريا,abuthuraya
ابوجادالله,abujadallah
ابوجاسر,abu-jaser
ابوجامع,Abwjamua
ابوجاموس,Abwjamos
ابوجبارة,Abwjabarah
ابوجباره,abu-jebara
ابوجبر,Abwjabr
ابوجبل,Abwjabl
ابوجحجوح,abujahjouh
ابوجخيدب,abujakhaidib
ابوجديان,abu-jidyan
ابوجراد,abujarad
ابوجراده,abu-jaradh
ابوجري,abu-jari
ابوجريبان,abu-jriban
ابوجزر,abujazar
ابوجلال,abujalal
ابوجلالة,abu-jalalah
ابوجلاله,abujalala
ابوجلد,abujald
ابوجلهوم,abujalhoum
ابوجليله,abu-jaleelah
ابوجميزة,abu-jumaiza
ابوجميزه,abu-jumaiza
ابوجوده,abujoudeh
ابوجياب,abu-jiab
ابوحامد,abu-hamed
ابوحامدة,abu-hamdah
ابوحامده,abu-hamdah
ابوحبل,abu-habl
ابوحبيب,abuhabib
ابوحبيس,abu-habis
ابوحجاج,abuhajjaj
ابوحجر,abuhajar
ابوحجير,abuhujair
ابوحدايد,abuhaddayd
ابوحرب,abuharb
ابوحزين,Abohuzain
ابوحسان,abu-hassan
ابوحسنين,abuhassanein
ابوحسون,abu-hassoun
ابوحسين,abuhussein
ابوحشيش,abuhashish
ابوحصيره,Abohsirah
ابوحطب,abu-hatab
ابوحلاوه,abu-halawa
ابوحلحول,abu-halhoul
ابوحلو,abu-helw
ابوحليب,abu-haleeb
ابوحليمه,abuhalima
ابوحماد,abuhammad
ابوحماده,abuhamada
ابوحمد,Abohamd
ابوحمده,abu-hamdah
ابوحموده,abu-hamoudeh
ابوحميد,abuhamid
ابوحميدان,abuhumaidan
ابوحميده,abuhamida
ابوحية,abu-hayyya
ابوحيه,abuhayya
ابوخاطر,abukhater
ابوخالد,abu-khaled
ابوخبيزة,abu-khybaiza
ابوخبيزه,abukhubaiza
ابوختلة,abu-khatla
ابوختله,abukhatla
ابوخريس,abu-khrys
ابوخضر,Abokhidhuir
ابوخضير,Abokhdhir
ابوخطاب,abu-khattab
ابوخلفالله,abu-khalafallah
ابوخليفه,abukhalifa
ابوخوصه,abu-khousa
ابودان,Abodan
ابوداود,Abodaod
ابودباغ,abudabbagh
ابودحروج,Abodharwj
ابودرابي,abu-darabi
ابودراز,abu-draz
ابودريقه,abudraika
ابودغيم,Abodghiam
ابودف,abudaf
ابودقة,Abodqah
ابودقن,abudaqan
ابودقه,Abodqah
ابودلال,abu-dalal
ابودهن,Abu-Dahan
ابوديب,Abodib
ابوديد,abudeid
ابوديه,abudayeh
ابوراس,aburas
ابوراشد,aburashid
ابوربيع,aburabie
ابورجال,aburijal
ابورجيله,aburajila
ابورحمة,abu-rahma
ابورحمه,Aboarahamuah
ابورخيه,Abu-Rakhiya
ابورزق,aburizq
ابورصاص,Abu-Rasas
ابورضوان,abu-radwan
ابورقعه,aburaqa
ابوركاب,abu-rekab
ابوركبه,abu-rokba
ابورمضان,abu-ramadan
ابوروس,Abu-Ross
ابوروك,aburok
ابورويضه,aburawida
ابورياش,AboaraiIsh
ابوريالة,abu-ryalah
ابورياله,abu-ryalah
ابوريان,aburayyan
ابوريده,aburida
ابوزايد,abuzayed
ابوزايده,Abu-Zayeda
ابوزبيدة,Abozbidah
ابوزر,Abozr
ابوزرقة,Abu-Zarqa
ابوزرقه,abuzarqa
ابوزريعان,Abu-Zaran
ابوزريق,Abu-Zureik
ابوزرينه,Abu-Zarish
ابوزعيتر,Abu-Zuaiter
ابوزناد,Abu-Zanad
ابوزهري,Abozuhri
ابوزهير,Abozuhir
ابوزور,abuzour
ابوزيادة,AboZiadah
ابوزياده,abuziyada
ابوزيد,Abozaid
ابوسبت,abusabt
ابوسبله,Abu-Sabla
ابوسته,abusitta
ابوسحلوب,Abu-Sahloub
ابوسحلول,Abu-Sahloul
ابوسخيلة,Aboskhilah
ابوسخيله,abusakhila
ابوسرحان,Abu-Sarhan
ابوسردانه,abusardanah
ابوسريه,Abu-Siri
ابوسعادة,Abu-Saadeh
ابوسعاده,abu-saada
ابوسعد,Abosaad
ابوسعدة,Abosaadah
ابوسعده,Abosaadah
ابوسعود,Abu-Saoud
ابوسعيد,abusaeed
ابوسعيفان,Abu-Saifan
ابوسكران,abusakran
ابوسلامه,abusalama
ابوسلطان,Abosaltan
ابوسلمية,Abosalamaiah
ابوسلميه,abusalmiya
ابوسلوت,Abu-Salwat
ابوسليسل,abuseleisel
ابوسليم,Abu-Sleem
ابوسليمان,abusuleiman
ابوسليمة,abusalima
ابوسليمه,abusalima
ابوسمرة,Abosamarah
ابوسمره,abu-samra
ابوسمعان,Abu-Samaan
ابوسنان,Abu-Sinan
ابوسنجر,Abosanajar
ابوسويلم,Abu-Swailem
ابوسيدو,abu-sido
ابوسيف,Abosaif
ابوشاب,Aboshab
ابوشاربين,abusharbin
ابوشاويش,Aboshaoish
ابوشباب,Aboshbab
ابوشحادة,Abu-Shehadeh
ابوشحاده,abushehadeh
ابوشحمه,Abu-Shahmah
ابوشرخ,Aboshrkh
ابوشريتح,Abu-Shreit
ابوشريعه,abu-sharia
ابوشريفه,abusharifa
ابوشعبان,Aboshaban
ابوشعر,abu-shaar
ابوشعيب,abu-shuaib
ابوشعيره,Abu-Shaira
ابوشقرة,Abu-Shakra
ابوشقره,abushakra
ابوشقفة,Abu-Shaqfa
ابوشقفه,abushaqfa
ابوشقير,abushuqair
ابوشكيان,abushakyan
ابوشلوف,abushalouf
ابوشلوله,Abu-Shalla
ابوشماس,Aboshmas
ابوشمالة,Abu-Shamala
ابوشماله,abushamala
ابوشمله,Aboshmlah
ابوشميس,Abu-Shmeis
ابوشنار,abushinar
ابوشنب,Abu-Shanab
ابوشهله,Abu-Shahleh
ابوشوارب,Abu-Shawarb
ابوشوقه,abushawqa
ابوشيخة,Abu-Sheikha
ابوصافي,Abosafii
ابوصالح,abu saleh
ابوصفر,Abu-Safar
ابوصفره,abusafra
ابوصفيه,abu-safeya
ابوصقر,Abosqur
ابوصلاح,abusalah
ابوصهيبان,abusuhaiban
ابوصواوين,Abu-Sawwin
ابوصوصين,Abu-Soussin
ابوصويص,abusuwais
ابوصويوين,Abu-Sawyain
ابوصيام,Abosiam
ابوضاهر,Abodhahir
ابوضباع,Abodhbaa
ابوطاحون,abutahoun
ابوطاقيه,abutaqiya
ابوطبق,abutabak
ابوطبيخ,Abu-Tabakh
ابوطربوش,Abotrabosh
ابوطعيمه,Abotaiamuah
ابوطماعة,Abu-Tuma
ابوطه,Abotah
ابوطواحينه,Abotwahainuah
ابوطويله,Abotoilah
ابوطير,abuteer
ابوطيور,Abu-Bour
ابوظاهر,Abozahir
ابوظريفة,Abu-Zarifa
ابوظريفه,abuzarifa
ابوعابد,Abu-Abed
ابوعاذرة,Abu-Aarra
ابوعاذره,abuadra
ابوعاصى,Abu-Assi
ابوعاصي,Aboaasi
ابوعامر,Aboaamar
ابوعبدو,AboAbdo
ابوعبيد,abuobaid
ابوعجمي,abuajami
ابوعجوه,abuajwa
ابوعدوان,Aboadwan
ابوعرار,abuarar
ابوعرام,Abu-Aram
ابوعرب,Aboarab
ابوعرفات,Abu-Arafat
ابوعرمانه,abuarmanah
ابوعريبان,abuoreiban
ابوعزال,Abu-East
ابوعزوم,abuazoum
ابوعسفة,Abu-Asefa
ابوعسفه,Abu-Asfa
ابوعسقول,Abu-Asell
ابوعشيبه,abuashayba
ابوعصر,Abu-Asr
ابوعصفور,Abu-Asfour
ابوعطوان,Aboatwan
ابوعطيوى,Aboaataioa
ابوعطيوي,Aboaataioi
ابوعقل,Abu-Aqel
ابوعقلين,Aboaqlain
ابوعكر,abu-akar
ابوعلوان,abu-alwan
ابوعلي,Aboalai
ابوعليان,abualyan
ابوعليه,Abu-upon him
ابوعمر,Abu-Omar
ابوعمرة,Aboamarah
ابوعمره,abuomra
ابوعمشة,Abu-Amsha
ابوعمشه,abuamsha
ابوعنزه,abu-anza
ابوعواد,Aboawad
ابوعوده,abuodeh
ابوعوض,Abu-Awad
ابوعون,Aboaon
ابوعويضه,Abu-Awaida
ابوعويمر,Aboaoiamar
ابوعيادة,Aboaiadah
ابوعياده,Aboaiadah
ابوعيد,Aboaid
ابوعيدة,Abu-Aida
ابوعيده,abueida
ابوعيسى,abuissa
ابوعيش,Abu-Aish
ابوعيشة,Abu-Eisha
ابوعيشه,Aboaishaah
ابوعيطه,Aboaitah
ابوغازي,Abu-Ghazi
ابوغالي,abughali
ابوغبن,Aboghbn
ابوغراب,Abu-Ghorab
ابوغرارة,Abu-Sarra
ابوغرقود,Abu-Ghroufh
ابوغزال,Abu-Ghazal
ابوغزاله,Abu-Ghazala
ابوغزة,Abu-Gaza
ابوغلوه,abughalwa
ابوغليون,Aboghlaion
ابوغنيمه,abughanima
ابوغوري,Abu-Ghori
ابوغوله,Abu-Ghoul
ابوغياض,Abu-Ghayad
ابوفخر,abufakhr
ابوفسيفس,medal
ابوفطاير,Abu-Fatayer
ابوفول,abufoul
ابوفياض,Abu-Fayyad
ابوقشلان,abuqashlan
ابوقفه,Abu-Qafra
ابوقمر,Abu-Qamar
ابوقمصان,Abu-Qumsan
ابوقوطة,Abu-Qatta
ابوقوطه,abuqutah
ابوقينص,Abu-Qinas
ابوكاشف,Abu-Kashif
ابوكتيفة,Abu-Ketifa
ابوكتيفه,abukatifah
ابوكرش,Abokarsh
ابوكلوب,abukloub
ابوكميل,abukamil
ابوكويك,Abu-Kwik
ابولاشين,AboLashin
ابولافي,Abu-Lafi
ابولبدة,Abolbadah
ابولبده,abulebdeh
ابولبن,Abolbn
ابولحية,Abu-Li'a
ابولحيه,abulehia
ابولطيفة,Aboltaifah
ابولطيفه,abulatifa
ابولوز,abuloz
ابولولي,abululi
ابوليله,abulaila
ابوماشي,Abu-Mashi
ابوماضي,abumadi
ابومحارب,Abomaharab
ابومحسن,Abomuhasan
ابومحيسن,Abu-Muhaisen
ابومخده,abu-makhda
ابومخيمر,abumukhaimer
ابومدين,abumadin
ابومذكور,abumathkur
ابومراحيل,abumarahil
ابومراد,abumurad
ابومرزوق,abumarzouk
ابومرق,Abomarq
ابومريم,Abomariam
ابومزيد,abumazid
ابومساعد,abumusaed
ابومسامح,Abomsamuh
ابومسعود,Abomsaaod
ابومسلم,Abomsalam
ابومشايخ,abumashayikh
ابومصطفى,abumustafa
ابومصطفي,Abu-Mustafa
ابومطر,abumatar
ابومطرود,Abomtrod
ابومطلق,abumutlaq
ابومعروف,abumaarouf
ابومعمر,Abomuamar
ابومعنيه,Abu-Maanah
ابومعيلق,abumaeliq
ابومغصيب,Abu-Mugheib
ابومغيصيب,abumughaysib
ابومكتومة,Abomaktomah
ابومكتومه,Abu-Makta
ابومليح,Abu-Malih
ابومنديل,Abomunadil
ابومنسي,abumansi
ابومنصور,abumansour
ابومهادي,abumahadi
ابومور,Abu-Moore
ابوموسى,abu-mousa
ابوناجع,Abu-Nassa
ابوناجي,abunaji
ابونادي,Abonadi
ابونار,abunar
ابوناصر,abunasser
ابوناموس,abu-namous
ابونبهان,Abonabhan
ابونجا,abunaja
ابوندا,abunada
ابوندى,abu-nada
ابونصار,Abu-Nassar
ابونصر,Abonasar
ابونصير,Abu-Naseer
ابونصيرة,Abu-Nasira
ابونصيره,abu-nuseira
ابونعمة,Abu-Nima
ابونعمه,abuni'mah
ابونعيم,Abonaiam
ابونقيره,Abu-Naqarah
ابونمر,Abu-Nimr
ابونوفل,abunofal
ابونويجع,Abu-Nuwaja
ابوهاشم,abuhashem
ابوهانى,Abohana
ابوهاني,Abu-Hani
ابوهجرس,Abohjrs
ابوهداف,abuhaddaf
ابوهدروس,Abohadaros
ابوهده,abuhadda
ابوهربيد,AbohrObeid
ابوهلال,abuhilal
ابوهميسه,Abu-Hamisah
ابوهندي,Abohnadi
ابوهولي,Abu-Holly
ابوهويدي,abuhuwaidi
ابوهويشل,abu-hwaishel
ابووادي,abuwadi
ابووردة,Abu-Warda
ابوورده,Abooardah
ابووزنة,Abu-Wazzanah
ابووزنه,Abu-Wazzanah
ابويوسف,Aboiousf
ابويونس,Aboionis
ابي,Abi
اجديع,Ajadia
اجميعان,Ajmaiaan
احترام,Ahtram
احتمال,Ahtmal
احسان,Ehssan
احلاسه,Ahlasuah
احلام,ahlam
احمد,ahmed
احمود,Ahamod
احميد,Ahamaid
احميدان,Ahamaidan
اخروات,Akhrawat
اخضير,Akhdhir
اخلاص,Ikhalas
اخليل,AKhalil
ادريس,idris
ادم,adam
ادهم,adham
ادويدار,Adoidar
اديان,Adian
اديب,adeeb
اديبه,Adibah
اراهيم,Arahaiam
اربيع,Arabia
ارحيل,Arahail
ارحيم,
ارسلان,Arsalan
ارقيق,Aruqaiq
اركان,Arkan
ارميح,Armaih
ارميلات,Armailat
اروه,Aroah
اروى,Aroa
ارويشد,Aroishd
اريج,Arij
ازهار,Azuhar
اسامة,Osamah
اسامه,osama
اسبيتان,Asbitan
اسبيته,Asbitah
استيتان,Astitan
اسحاق,Asahaq
اسحق,Asahaq
اسراء,Asraa
اسعد,asaad
اسعود,Asaaod
اسعيد,Asaaid
اسعيفان,Asaaifan
اسكندر,Asknadr
اسلام,Isalam
اسليم,Asulaiam
اسليمان,ASulaiman
اسماء,asma
اسماعيل,ismail
اسمهان,Asamuhan
اسيا,Asaia
اسيل,aseel
اشبير,Ishbir
اشتيوي,Ishtioi
اشجان,Ishjan
اشحاده,Ishhadah
اشرف,ashraf
اشريتح,Ishrith
اشكنتنا,Ishkntina
اشكيان,Ishkian
اشلاء,Ishlaa
اصبيح,Asbih
اصبيحى,Asbiha
اصبيحي,Asbihai
اصرف,Asaraf
اصلان,Aslan
اصليح,Aslaih
اصيل,Aseel
اضهير,Adhhir
اضويحي,Adhoihai
اعبيان,Aabian
اعبيد,AObeid
اعتدال,Aatdal
اعتماد,Aatmad
اعروق,Aaroq
اعطيوه,Aaataioah
اعطيوي,Aaataioi
اعليان,Aalaian
اغا,agha
اغاني,Aghanei
افتخار,Aftkhar
افتيحه,Aftihah
افريج,Afarij
افسيفس,Afsaifs
افكار,Afikar
افنان,Afanan
اقديح,Aqadih
اقصيعه,Aqusiaah
اكتيع,Aktia
اكرام,IKaram
اكرامي,ekramy
اكرم,akram
اكريم,Akariam
ال,Al
الأستاذ,Alastath
الأسطل,Alastl
الأشقر,Alashqur
الأعرج,Alaarj
الأغا,Alagha
الإفرنجي,Alifarnaji
الإيمان,Aliiaman
الاء,alaa
الاحيوي,Alahaioi
الاخرس,Alakhrs
الادهم,Aladhm
الازبط,Alazbt
الازرق,Alazrq
الازعر,Alazar
الاستاذ,Alastath
الاسطل,al-astal
الاسمر,Alasamar
الاسود,Alasaod
الاشرم,alashram
الاشقر,AlIshqur
الاطرش,Alatrsh
الاعرج,Alaarj
الاغا,al-agha
الافرنجي,Alafarnaji
الافغاني,Alafghanei
الاقرع,Alaqura
الالك,Alalk
الامام,Alamam
الاميرة,Alameirah
الامين,Alamain
الانقر,Alanqur
الاي,Alai
البابا,Albaba
الباز,Albaz
الباسا,Albasa
الباسط,Albast
الباشا,AlbIsha
البايض,Albaidh
البتي,Albti
البحري,Albhari
البحطيطي,al-bahatiti
البحيري,Albhairi
البحيصي,Albhaisi
البدرساوي,Albadrsaoi
البدى,Albada
البر,Albr
البراء,Albaraa
البراهمه,Albarahmuah
البراوي,Albaraoi
البربار,Albrabar
البردويل,al-bardawil
البري,Albri
البريم,Albriam
البساينه,Albsainuah
البسيوني,Albsaioni
البشليقي,Albshlaiqai
البشيتي,Albsheiti
البطة,Albtah
البطران,Albtran
البطش,Albtsh
البطنيجى,Albtanija
البطنيجي,Albtaniji
البطه,Albtah
البع,Alba
البغدادي,Albghdadi
البكري,Albkari
البلبيسي,Alblbisai
البلعاوي,Alblaaoi
البليشي,Alblaishi
البنا,al-banna
البهبهاني,Al-Bahbhani
البهتيني,Albhtini
البهلول,al-bahloul
البهنساوي,Albhnisaoi
البواب,Albwab
البياري,Albiari
البياع,Albiaa
البيشاوي,Albishaoi
البيك,Albik
البيوك,Albiok
التتر,Alttr
التتري,Alttri
الترامسي,Altramsai
الترتوري,Altrtoari
الترك,Altrk
التعبان,Altaban
التلباني,Altlbanei
التلمس,Altlams
الثلاثيني,althalatheeny
الثوابته,Althwabtah
الجاروشه,Aljaroshaah
الجالوس,Aljalos
الجايح,Aljaih
الجبري,
الجبور,
الجخلب,Aljkhalb
الجد,Aljad
الجدبه,Aljadbah
الجديان,Aljadian
الجراح,Aljrah
الجرجاوي,Aljrjaoi
الجرجير,Aljrjir
الجردلي,Aljrdlai
الجرو,Aljro
الجريسي,Aljrisai
الجزار,Aljzar
الجعب,Aljab
الجعبري,Aljabri
الجعبير,Aljabir
الجعفري,Aljafari
الجعيدي,Aljaidi
الجلاد,Aljlad
الجليس,Aljlais
الجماصي,Aljmasi
الجمال,AlJamal
الجمل,Aljml
الجوجو,Aljwjo
الجورانى,Aljoarana
الجوراني,Aljoaranei
الجوزات,Aljozat
الجيعان,Aljiaan
الحاج,Alhaj
الحارث,Alharth
الحاطوم,Alhatom
الحافي,Alhafii
الحايك,Alhaik
الحبشي,al-habashi
الحبيب,Alhabib
الحبيبي,Alhabibi
الحتو,Alhto
الحج,Alhaj
الحداد,Alhdad
الحرازين,Alharazain
الحزقي,Alhuzqai
الحسن,Alhassan
الحسنات,Alhasanat
الحسنى,Alhasana
الحسني,Alhasani
الحسومي,Alhusaomai
الحسيني,Alhusaini
الحشاش,AlhshIsh
الحصري,Alhsari
الحطاب,Alhtab
الحفظ,Alhfz
الحلاق,Alhlaq
الحلبي,Alhlbi
الحلو,Alhilo
الحليسي,Alhalaisai
الحمارنه,Alhamarnuah
الحمامي,Alhamamai
الحمايده,Alhamaidah
الحملاوي,Alhamlaoi
الحناجره,Alhanajrah
الحناوى,Alhanaoa
الحناوي,Alhanaoi
الحنفي,Alhanfi
الحو,Alho
الحواجره,Alhwajrah
الحواجري,al-hawajri
الحوت,Alhot
الحوراني,Alhoaranei
الحولي,Alholai
الحوم,Alhom
الحويطي,Alhoitai
الحياه,Alhaiaah
الحيله,Alhailah
الخالدي,al-khalidi
الختام,Alkhitam
الخراز,Alkhraz
الخزار,Alkhzar
الخضري,Alkhidhuiri
الخطيب,Alkhtaib
الخليلي,AlKhalilai
الخميسي,Alkhamaisai
الخواجة,Alkhwajah
الخواجه,Alkhwajaah
الخوالده,Alkhwaldah
الخور,Alkhoar
الخولي,Alkholai
الخياط,al-khayyat
الخير,Alkhair
الخيري,Alkhairi
الداعور,Aldaaoar
الدالي,Aldalai
الداهودي,Aldahodi
الداهوك,Aldahok
الداية,Aldaiah
الدايه,Aldaiah
الدبارى,Aldbara
الدباري,Aldbari
الدباس,Aldbas
الدباغ,Aldbagh
الدباكه,Aldbakah
الدباكي,Aldbaki
الدبجي,Aldbji
الدبس,Aldbs
الدجني,Aldjni
الدحدوح,Aldhdoh
الددة,Alddah
الدربي,al-darbi
الدرة,Aldrah
الدرج,Aldrj
الدردساوي,Aldrdsaoi
الدرديسي,Aldrdisai
الدرفيل,Aldrafil
الدره,Aldrah
الدرهلي,Aldrhlai
الدريملي,Aldriamlai
الدرينى,Aldrina
الدريني,Aldrini
الدريوي,Aldrioi
الدسوقي,Aldsaoqai
الدشت,Al-Dasht
الدعالسه,Alduaalsuah
الدعليس,Aldualais
الدعيج,Alduaij
الدغمه,Aldghamuah
الدقران,Aldquran
الدقس,Aldqs
الدقه,Aldqah
الدلو,Aldlo
الدم,Aldm
الدماغ,Aldmagh
الدمياطي,Aldmaiatai
الدن,Aldn
الدنف,Aldnf
الدهشان,Aldhshan
الدواوسه,Aldwaosuah
الدوس,Aldos
الدوش,Aldosh
الدويك,Aldoik
الديب,Aldib
الديراوي,al-derawi
الديرى,Aldira
الديري,al-deiri
الدين,
الرؤوف,
الراس,Alras
الراعي,Alraai
الرحال,Alrahal
الرحمن,Al-Rahman
الرخاوى,Alrkhaoa
الرخاوي,Alrkhaoi
الرز,Alrz
الرزاينه,Alrzainuah
الرش,Alrsh
الرشيدى,Alrshida
الرشيدي,Alrshidi
الرضيع,Alradhia
الرفاتي,Alrafati
الرقب,Alrqb
الرملاوي,Alrmlaoi
الرميلي,Alrmailai
الرن,Alrn
الرنتيسي,al-rantisi
الرواغ,Alrawagh
الروس,Alros
الرياض,Alraiadh
الرياطي,Alraiatai
الريان,Alraian
الريس,Alris
الريفي,Alrifi
الز,Alz
الزاملي,Alzamlai
الزايغ,Alzaigh
الزرد,Alzrd
الزريعي,Alzriai
الزطمه,Alztmuah
الزعانين,Alzaanein
الزعبوط,Alzabot
الزعزوع,Alzazoa
الزعيم,Alzaiam
الزغبي,Alzghbi
الزق,Alzq
الزقزوق,Alzqzoq
الزماره,Alzamarah
الزمان,Alzaman
الزمر,Alzmar
الزميلي,Alzmailai
الزناتي,Alzinati
الزنط,Alzint
الزهار,al-zahar
الزهارنه,Alzuharnuah
الزهراء,Alzuhraa
الزهراني,Alzuhranei
الزهور,Alzuhoar
الزهيري,Alzuhiri
الزويدي,Alzoidi
الزيان,Alzaian
الزير,Alzair
الزين,Alzain
الزيناتي,Alzainati
الزيني,Alzaini
السباح,Alsbah
السباخي,Alsbakhi
السباعي,Alsbaai
السبع,Al-Saba’a
السحار,Alsahar
السدودي,Alsadodi
السر,Alsr
السراج,Alsraj
السرحي,Alsrahai
السرساوي,Alsrsaoi
السرسك,Alsrsk
السطرى,Alstra
السطري,Alstri
السعاتي,Alsaaati
السعافين,Alsaaafiin
السعايده,Al-Sa'aidah
السعود,Alsaaod
السعودي,Alsaaodi
السعيد,Alsaaid
السعيدني,Alsaaidni
السقا,Alsqa
السك,Alsk
السكافي,Alskafii
السكحفي,Alskhfi
السكسك,Alsksk
السكني,Alskni
السلطان,Alsaltan
السلطي,Alsaltai
السلق,Alsaliq
السلك,Alsalk
السلوت,Alsalot
السلول,Alsalol
السماك,Alsamak
السمان,Alsaman
السمري,Alsamari
السمنه,Alsamunuah
السميري,Alsameiri
السناوي,Alsanaoi
السنداوي,Alsanaadaoi
السنكري,al-sankari
السنوار,Alsanwar
السواركه,Alsawarkah
السوافيري,Alsawafiiri
السوده,Alsaodah
السوسي,Alsaosai
السوطري,Alsaotri
السويركي,Alsaoirki
السويسى,Alsaoisa
السويسي,Alsaoisai
السياح,Alsaiah
السيد,Alsaid
السيسي,Alsaisai
السيقلي,Alsaiqlai
الشاعر,al-sha'er
الشافعي,Al-Shafi'i
الشاقوق,Alshaqoq
الشامى,alshama
الشامي,Alshamai
الشاوي,Alshaoi
الشاويش,Alshaoish
الشبراوي,Alshbaraoi
الشحري,Alshhari
الشخريت,Alshkhrit
الشراتحة,Alshrathah
الشرافي,Alshrafii
الشرفا,Alshrafa
الشريحي,Alshrihai
الشريف,Alshrif
الششنيه,Alshshniah
الشطلي,Alshtlai
الشعافي,Al-Shafi'i
الشعراوي,Alsharaoi
الشكور,Alshkoar
الشلالفه,Alshlalfah
الشلح,Alshlh
الشلف,Alshlf
الشلفوح,Alshlfoh
الشمالي,Alshmalai
الشمباري,Alshmbari
الشنا,Alshna
الشناط,Alshnat
الشنباري,Alshnabari
الشنتف,Alshntf
الشندغلي,Alshnadghlai
الشنشيري,Alshnashiri
الشنطي,Alshntai
الشوا,Alshwa
الشواف,Alshwaf
الشوبكي,Alshobki
الشوربجى,Alshoarabja
الشوربجي,Alshoarabji
الشويخ,Alshoikh
الشياح,Alshiah
الشيخ,Alshikh
الشيماء,Alshiamaa
الصالحي,al-salhi
الصعيدي,Alsaidi
الصفدي,Alsafdi
الصفطاوي,al-saftawi
الصليبي,Alslaibi
الصواف,Alswaf
الصوالحه,Alswalhah
الصوالحي,Alswalhai
الصوري,Alsoari
الصوص,Alsos
الصوفي,al-sufi
الصيداوي,Alsidaoi
الصيفي,Alsifi
الضاش,AldhIsh
الضبه,Aldhbah
الطباطيبى,Altbataiba
الطباطيبي,Altbataibi
الطبش,Altbsh
الطحله,Althlah
الطرابين,Al-Trabin
الطرشاوي,Altrshaoi
الطلاع,Altalaa
الطناني,Altananei
الطنطاوي,Altantaoi
الطهراوي,Althraoi
الطوط,Altot
الطويل,Altoil
الطيبي,Altaibi
الظاظا,Alzaza
العابد,AlAbed
العاجز,Alaajz
العاروقي,Alaaroqai
العاصي,Alaasi
العاطى,Alaata
العالم,Alaalam
العامودي,Alaamodi
العاوور,Alaaooar
العايدي,al-aidi
العبادلة,AlAbdlah
العبادله,al-abadla
العباسي,Alabasai
العبد,al-abd
العبدمحمود,AlAbdul-Mahmood
العبسي,Alabsai
العبودي,Alabodi
العبيد,AlObeid
العتال,Alatal
العثامنه,Alathamunuah
العثماني,Alathmanei
العجب,Alajaab
العجرمي,al-ajrami
العجل,al-ajl
العجلة,Al-Ajlah
العجله,Al-Ajlah
العجمي,Alajmai
العجوري,Alajoari
العجيلي,Al-Ajili
العداسي,Aladasai
العديني,Alaudaini
العر,Alar
العرايشي,Alaraishi
العربشلي,Alarabshlai
العربي,Alarabi
العرجا,al-arja
العرجان,Alarjan
العرجاني,Alarjanei
العرجه,Alarjaah
العرعير,Al-Aarir
العرقان,Alarqan
العرمي,Alarmai
العروقي,Alaroqai
العريان,Alaraian
العزازمه,Alazazmuah
العزامي,Alazamai
العزايزه,Alazaiazuah
العزيب,Alazaib
العسكري,Alaskari
العسلي,Alasulai
العسولي,Alasaolai
العشي,Alashi
العصار,Alasar
العطار,al-attar
العطاونة,Alaataonah
العطاونه,Alaataonuah
العطعوط,Alataot
العطل,Alatl
العطوي,Alatoi
العطيم,Alaataiam
العف,Alaf
العفش,Alafsh
العفيفي,Alafiefi
العقاد,al-akkad
العقيلي,Alaqailai
العكر,Alakar
العكشية,Alakshiah
العكلوك,Alakalok
العلاوي,Alalaaoi
العلمي,Alalaamai
العلول,Alalol
العلوي,Alaloi
العماوي,Alammaoi
العمايرة,Alammairah
العمر,Alamar
العمراني,Alamaranei
العمرنى,Alamarna
العمري,Alamari
العمرين,Alamarin
العمش,Alamsh
العمصي,Alamusi
العمودي,Alamodi
العمور,Alamoar
العنود,Alanod
العواودة,Alawaodah
العواوده,Alawaodah
العوضي,Alaodhi
العوف,Alaof
العويدات,Alaoidat
العويصي,Alaoisi
العويطي,Alaoitai
العويني,Alaoini
العيد,Alaid
العيسوي,Alaisaoi
العيسى,Alaisa
العيش,Alaish
العين,Alain
الغرابلي,Alghrablai
الغرباوي,Alghrabaoi
الغره,Alghrah
الغزالي,al-ghazali
الغصين,Alghsin
الغظيم,Alghziam
الغف,al-ghaf
الغفاري,Alghufari
الغفري,Alghufari
الغفير,Alghufir
الغلاييني,Alghlaiini
الغلبان,Alghlban
الغليض,Alghlaidh
الغليظ,Alghlaiz
الغليظي,Alghlaizi
الغمري,al-ghamri
الغندور,Alghnadoar
الغوطي,Alghotai
الغول,Alghol
الغولة,Algholah
الغوله,Algholah
الفاخوري,Alfakhoari
الفار,Alfar
الفالوجي,Alfalwji
الفت,Alft
الفجم,Alfajm
الفرا,al-farra
الفراني,Alfaranei
الفرخ,Alfarkh
الفرع,Alfara
الفسفوس,Alfsfos
الفصيح,Alfsih
الفقعاوي,Alfaqaaoi
الفليت,Alflait
الفيراني,Alfiranei
الفيري,Alfiri
الفيومي,Alfiomai
القاسم,Aliqasam
القاضي,Aliqadhi
القانوع,Aliqanoa
القايض,Aliqaidh
القدرة,
القدره,Aliqadrah
القديم,Aliqadiam
القرا,Aliqura
القرعان,Aliquraan
القرم,Aliqurm
القرمان,Aliqurman
القرن,Aliqurn
القرناوي,Aliqurnaoi
القريناوي,Aliqurinaoi
القزاز,Aliqzaz
القسام,Aliqsam
القشاوي,Aliqshaoi
القصاص,Aliqusas
القطاطي,Aliqtatai
القطاع,aliqtaa
القطراوي,Aliqtraoi
القطراي,Aliqtrai
القطروس,Aliqtros
القطروي,Aliqtroi
القطري,Aliqtri
القطشان,Aliqtshan
القططي,Aliqttai
القفيدي,Aliqfidi
القمصان,Aliqmusan
القن,Aliqn
القنفد,Aliqnfd
القهوجي,Aliqhwji
القواسمي,Aliqwasamai
القوقا,Aliqoqa
القيسي,Aliqaisai
القيشاوي,Aliqaishaoi
القيق,Aliqaiq
الكاس,Alkas
الكاظمي,Alkazmai
الكباريتي,Alkbariti
الكحلوت,Alkhilot
الكرد,al-kurd
الكردي,Alkardi
الكرزون,Alkarzon
الكرنز,Alkarnaz
الكريري,Alkariri
الكفارنة,Alkfarnah
الكفارنه,al-kafarna
الكيال,Alkial
الكيلاني,Alkilanei
اللباد,Allbad
اللبان,Allban
اللحام,Allham
اللداوي,Alldaoi
اللدعة,Allduaah
اللدعه,Allduaah
اللقطه,Alliqtah
الللي,Alllai
اللمداني,Allamdanei
الله,Allah
اللهواني,Allhwanei
اللوح,al-louh
الليل,Allail
الما,Alama
الماشي,AlamIshi
الماظة,Alamazah
المباشر,AlambIshr
المبحوح,Alambhoh
المبيض,Alambidh
المجايدة,Alamjaidah
المجايده,Alamjaidah
المجدلاوي,al-majdalawi
المجدوب,Alamjadob
المحتسب,Alamuhtsb
المحروق,Alamuharoq
المحلاوي,Alamuhlaoi
المدفع,Alamdfa
المدهون,al-madhoun
المرنخ,Alamarnkh
المزنر,Alamzinr
المزين,Alamzain
المزيني,Alamzaini
المسارعي,Alamsarai
المسحال,Alamsahal
المسلاتي,Alamsalati
المسلمي,Alamsalamai
المشوخي,Alamshokhi
المصالحه,Alamusalhah
المصدر,Alamusadr
المصري,Al-Masri
المطوق,al-mutawaq
المظلوم,Alamzlom
المعتز,Alamuatz
المعتصم,Alamuatsm
المعصوابي,Alamuaswabi
المعطى,Alamuata
المغاري,Alamghari
المغايضة,Alamghaidhah
المغايضه,Alamghaidhah
المغربي,Alamghrabi
المغني,Alamghni
المقادمة,Alamuqadamah
المقادمه,Alamuqadamuah
المقطران,Alamuqtran
المقوسي,Alamuqosai
المقيد,Alamuqaid
المكان,Alamakan
الملاحي,Alamlahai
الملالحه,Alamlalhah
الملح,Alamlh
الملك,Alamlk
المملوك,Alammlok
المناصره,Alamunasarah
المناعمة,Alamunaamah
المناعمه,Alamunaamuah
المنتصر,Alamuntsar
المنسي,Alamunisai
المهدي,Alamuhadi
الميناوي,Alamainaoi
الناجي,Alnaji
النادي,Alnadi
الناطور,Alnatoar
الناعوق,Alnaaoq
الناقه,Alnaqah
النباهين,al-nabahin
النبريص,Alnabris
النبريصي,Alnabrisi
النبي,Alnabi
النبيه,Alnabiah
النجار,Al-Najar
النجدي,Alnajadi
النجمي,Alnajmai
النجيلى,Alnajila
النجيلي,Alnajilai
النحال,Alnhal
النخالة,Alnkhalah
النخاله,Alnkhalah
الندى,Alnada
النديات,Alnadiat
النديم,Alnadiam
النزلي,Alnazlai
النشار,Alnashar
النشاش,AlnashIsh
النضر,al-nadr
النعامي,al-naami
النعيزي,Alnaiazai
النفار,Alnfar
النقله,Alnqlah
النقيب,Alnqaib
النمر,Alnmar
النمرة,Alnmarah
النمره,Alnmarah
النمروطي,al-namrouti
النمس,Alnms
النمنم,Alnmunm
النواجحة,Alnwajhah
النواجحه,Alnwajhah
النواس,Alnwas
النواصرة,Alnwasarah
النواصره,Alnwasarah
النوري,Al-Noori
النونو,Alnono
النويري,Alnoiri
الهادى,Alhada
الهادي,Al-
الهالول,Alhalol
الهام,elham
الهباش,AlhbIsh
الهبيل,Alhbil
الهرباوي,Alhrabaoi
الهرش,Alhrsh
الهركلي,Alhrkalai
الهسي,al-hassi
الهلول,Alhlol
الهليس,Alhlais
الهمص,Alhmus
الهنا,Alhna
الهنداوي,Alhnadaoi
الهندي,Alhnadi
الهواري,Alhwari
الهوبي,Alhobi
الهور,Alhoar
الهيثم,Al-Haytham
الهيصمي,Alhismai
الهيقي,Alhiqai
الواديه,Alwadiah
الواوي,Alwaoi
الوحيدي,Alohaidi
الوخيري,Alokhairi
الوديه,Alodiah
الوكيل,Alokil
الوليد,Alolaid
اليا,Alaia
اليازجي,al-yaziji
اليازوري,Alaiazoari
الياس,Alaias
اليزيا,Alaiazaia
اليمان,AlEman
الين,Alain
امال,amal
امامة,Amamah
امامه,Amamuah
اماني,Amanei
امبارك,Ambark
امتثال,Amtthal
امتياز,Amtiaz
امجاد,amjad
امجد,amjad
امل,Aml
امنه,amna
امنية,Amaniah
امير,amir
اميرة,amira
اميره,amirah
اميمه,Amaiamuah
امين,amin
امينه,amina
اميه,Amaiah
اناس,Anas
انتسال,Antsal
انتصار,Antsar
انتظار,Antzar
انتفاضه,Antfadhah
انتماء,Antmaa
انجي,Anaji
اندلس,Anadls
انديرا,Anadira
انس,anas
انسام,Aniasam
انشاصي,Anashasi
انشراح,enshrah
انصاف,Anasaf
انصيوي,Anasioi
انطيز,Antaiaz
انعام,Anaam
انغام,angham
انمار,Anmar
انوار,anwar
انور,anwar
انيس,Aneis
انيسه,Aneisuah
اهل,Ahl
اوميه,Aomaiah
ايات,Aiat
اياد,Eyad
اية,Ayah
ايةالله,Aihallah
ايلا,Aila
ايلات,Ailat
ايلاف,Ailaf
ايليا,Ailaia
ايلين,Ailain
ايمان,eman
ايمن,ayman
ايناس,Ainas
ايه,ayah
اّيه,Aّiah
ايهاب,ihab
ايهم,Aihm
ايوب,ayoub
باجس,Bajs
بارود,Barod
باسل,basil
باسم,Basam
باسمة,Basamah
باسمه,Basamuah
بالله,Ballah
بانا,Bana
بانة,banah
باهي,bahi
بتول,Btol
بثينة,Bthinah
بثينه,Bthinuah
بحر,Bhar
بحري,Bhari
بحور,Bhoar
بحيري,Bhairi
بخيت,Bkhit
بدر,badr
بدران,badran
بدرخان,Badrkhan
بدره,Badrah
بدريه,Badriah
بدوان,badwan
بدور,Badoar
بدوي,Badoi
بدوية,Badoiah
بدير,Badir
بديع,Badia
بر,Br
براء,baraa
براءة,Baraaah
براءه,bara'a
براش,BarIsh
براهمه,Barahmuah
براوي,Baraoi
بربخ,Brabkh
برجس,Brjs
برزق,Brzq
برغوث,Brghoth
بركات,Brkat
بركة,Brkah
بركه,Brkah
برهم,Brhm
برهوم,Brhom
بريك,Brik
بريكه,Brikah
بسام,Bsam
بستان,Bstan
بسمان,Bsaman
بسمة,Bsamah
بسمله,Bsamlah
بسمه,Bsamuah
بسنت,Bsant
بسيسو,Bsaisao
بسيل,Bsail
بسيم,Bsaiam
بسينه,Bsainuah
بشار,Bshar
بشاره,Bsharah
بشبش,Bshbsh
بشرى,Bshra
بشير,basheer
بصل,Bsl
بصله,Bslah
بعلوشة,Baloshah
بعلوشه,Baloshaah
بغدوده,Bghdodah
بكر,Bkar
بكرون,Bkaron
بكري,Bkari
بكير,Bkir
بلال,bilal
بلبل,Blbl
بلسم,Blsam
بليحه,Blaihah
بن,Bn
بنات,Bnat
بنان,Bnan
بنت,
بنتزينب,Bntzainab
بنتمحمد,
بهاء,Bhaa
بهاءالدين,baha-uddin
بهار,Bhar
بهجت,Bhjt
بهلول,Bhlol
بهيه,Bhiah
بواب,Bwab
بوادي,Bwadi
بولان,bolan
بيان,Bian
بيروت,Birot
بيسان,bisan
بيلسان,bilsan
بيوك,Biok
تاج,Taj
تالا,tala
تالة,Talah
تالد,Tald
تاله,Talah
تاليا,Talaia
تالين,taleen
تاليه,Talaiah
تامر,Tamar
تايه,
تبارك,Tbarak
تحرير,Tharir
تحسين,tahseen
تحفه,Thfah
تحمد,Thamd
ترابين,Trabin
تربان,Traban
ترزي,Trzai
تركي,Trki
تركيه,Trkiah
تسنيم,Tsaniam
تغريد,Tghrid
تفاحه,Tfahah
تقوى,Tuqoa
تقى,Tuqa
تكوين,Tkoin
تماره,Tmarah
تمام,Tmam
تمراز,Tmaraz
تميم,Tmaiam
تهامي,Tohami
تهاني,tahani
توفيق,Tofiq
توفيقه,Tofiqah
تولين,Tolain
تيا,tia
تيسير,tayseer
تيسيره,Tisairah
تيم,Tiam
تيماء,Tiamaa
تيمالله,taymallah
ثائر,thaer
ثابت,Thabt
ثاري,Thari
ثريا,Thraia
ثناء,Thnaa
ثوابته,Thwabtah
جابر,jaber
جاد,jad
جادالحق,jad-al-haq
جادالله,jadallah
جادو,jado
جازيه,Jazaiah
جاسر,Jasr
جاسم,Jasam
جانا,jana
جباره,Jabarah
جباليه,Jabalaiah
جبر,jabr
جبريل,Jabril
جبرين,Jabrin
جحا,Jha
جحجوح,Jhajoh
جحيش,Jhaish
جدوع,Jadoa
جراد,jarad
جرادة,Jradah
جراده,Jradah
جربوع,Jraboa
جردات,Jrdat
جرغون,Jrghon
جرمي,Jrmai
جريس,Jris
جزر,Jzr
جعران,Jaran
جعرور,Jaroar
جعفر,Jafar
جلال,jalal
جلمبو,Jlambo
جلهوم,
جمال,jamal
جمالالدين,jamal-al-din
جمان,Jman
جمانة,Jmanah
جمانه,Jmanuah
جمعة,Jmuaah
جمعه,Jmuaah
جمل,Jml
جملات,Jmlat
جميل,jamel
جميلة,Jmailah
جميله,Jamelah
جنات,Jnat
جنادي,Jnadi
جنان,Jnan
جنة,Jnah
جندية,Jnadiah
جنديه,jundiyeh
جنه,Jnuah
جنى,janah
جني,Jni
جنيد,Jnid
جنين,Jnin
جنينه,Jninuah
جهاد,Jehad
جهان,Jahan
جواد,Jwad
جوان,joan
جوانا,Jwana
جواهر,Jwahir
جود,Jod
جودة,Jodah
جودت,Jodt
جوده,Jodah
جودي,Jodi
جورج,Joarj
جورى,Joara
جوري,Joari
جولي,Jolai
جوليا,Jolaia
جوليت,Jolait
جولييت,Jolaiit
جوهر,Johr
جويفل,Joifl
جويل,Joil
جيلان,Jilan
جيهان,jihan
حابس,
حاتم,Hatim
حازم,Hazm
حافظ,Hafiz
حاكم,Hakam
حاكمة,Hakamah
حامد,Hamid
حبر,Habr
حبشي,Habshi
حبوب,Habob
حبوش,Habosh
حبيب,habib
حبيبة,Habibah
حبيبه,Habibah
حتحت,Htht
حجاج,Hajaj
حجازي,hijazi
حجو,Hajo
حجي,Haji
حداد,Hdad
حدايد,Hdaid
حديفه,Hdifah
حذام,hutham
حذيفة,Hthifah
حذيفه,Hthifah
حراره,Hararah
حرب,Harab
حربه,Harabah
حربي,Harabi
حربيه,Harabiah
حرز,harz
حرزالله,harzallah
حسام,Husam
حسامالدين,hossam-el-din
حسان,hassan
حسبالله,hassaballah
حسن,Hassan
حسنات,Hasanat
حسنه,Hasanuah
حسني,Hasani
حسنين,hassanein
حسونة,Husaonah
حسونه,hassouna
حسين,Hussain
حشمت,Hshmt
حشمه,Hshmuah
حشيش,Hshish
حطب,
حفصه,Hfsuah
حكمت,Hikmat
حلا,Hla
حلاسه,Hlasuah
حلاوه,Hlaoah
حلحول,
حلس,helles
حلمي,Hlamai
حلوة,Hiloah
حلوق,Hiloq
حليسي,Halaisai
حليمة,Halaiamah
حليمه,Halaiamuah
حليوه,Halaioah
حماد,Hamad
حمادة,Hamadah
حماده,Hamadah
حمام,Hamam
حمتو,hamto
حمد,Hamd
حمدالله,Hamdallah
حمدان,hamdan
حمدقه,Hamdqah
حمده,Hamdah
حمدونه,Hamdonuah
حمدي,hamdi
حمديه,Hamdiah
حمزة,Hamzah
حمزه,hamza
حمو,hamo
حمود,Hamod
حمودة,Hamodah
حموده,Hamodah
حميد,Hamaid
حميدان,Hamaidan
حميدة,Hamaidah
حميده,Hamaidah
حنان,hanan
حندوقه,Hanadoqah
حنفي,Hanfi
حنون,Hanon
حنونه,Hanonuah
حنيدق,Hanidq
حنيف,Hanif
حنيفه,Hanifah
حنين,Hanin
حهاد,Hhad
حور,hoor
حوريه,Hoariah
حوسو,Hosao
حويله,Hoilah
حياة,Haiaah
حيات,Haiat
حيدر,haider
خاطر,Khatr
خالد,khaled
خالديه,Khaldiah
خباب,Khbab
ختام,Khitam
خديجة,Khdijah
خديجه,Khdijaah
خرمه,Khrmuah
خريس,Khris
خزاع,Khzaa
خزيق,Khzaiq
خشان,Khshan
خضر,khidr
خضرة,Khidrah
خضره,Khidrah
خضري,Khidhuiri
خضير,Khdhir
خطاب,Khatab
خفاجه,Khfajaah
خلة,Khalah
خلدون,Khaldon
خلف,Khalf
خلفالله,khalafallah
خلفه,Khalfah
خله,khalla
خلود,Khalod
خليف,Khalaif
خليفة,Khalifa
خليفه,khalifa
خليل,khalil
خليلالرحمن,khalil-ul-rahman
خماش,KhamIsh
خميس,khamis
خنساء,Khnisaa
خورشيد,Khoarshid
خوشيد,Khoshid
خوصة,Khosah
خوصه,Khosuah
خولة,Kholah
خير,Khair
خيري,Khairi
خيرية,Khairiah
خيريه,Khairiah
دادر,Dadr
داربيه,Darabiah
دارين,Darin
داليا,Dalaia
دالية,Dalaiah
داليه,Dalaiah
دانا,dana
دانة,Danah
دانه,Danuah
دانيا,Daneia
دانيال,Daneial
دانية,Daneiah
دانيه,Daneiah
داهود,Dahod
داود,daoud
داوود,Daood
دبابش,Dbabsh
دبور,Dboar
دحروج,Dharwj
دحلان,Dhlan
دخان,Dkhan
دخل,Dkhal
دخيل,Dkhil
درابية,Drabiah
درابيه,Drabiah
دراهم,Drahm
درج,Drj
دردونه,Drdonuah
درغام,Drgham
درويش,Daroish
دريني,Drini
دريوي,Drioi
دعاء,duaa
دعابس,Duaabs
دغمش,Dghamsh
دقه,Dqah
دكه,Dkah
دلال,Dlal
دلردونه,Dlrdonuah
دلول,Dlol
دنيا,Dnia
دنيان,Dnian
دهام,Dham
دهب,Dhb
دهشان,Dhshan
دهليز,Dhlaiaz
دهمان,Dhman
دهمش,Dhmsh
دهيش,Dhish
دواس,dawas
دوس,Dos
دولت,Dolt
دويدار,Doidar
دويمه,Doiamuah
دياب,diab
ديالا,diala
ديانا,diana
ديب,Diab
دية,Diah
ديلا,Dila
ديما,Diama
ديمة,Diamah
ديمه,Diamuah
دينا,dina
دينة,Dinah
دينه,Dinuah
ذرية,Thriah
ذكرى,Thkara
ذويب,Thoib
ذياب,Thiab
ذيب,Thib
رأفت,raafat
رؤوف,Ruof
رؤوفه,Ruofah
رؤى,Ruaa
رئيسة,Raisah
رائد,raed
رائدة,Raadah
رائده,Raadah
رائف,Raaf
رابح,Rabh
رابحة,Rabhah
رابعه,Rabaah
راتب,Ratb
راجح,Rajh
راجي,Raji
راسم,Rasam
راشد,RIshd
راضى,Radha
راضي,Radhi
راعي,Raai
راغب,Raghb
راغده,Raghdah
رافت,Rafaat
راكان,rakan
راما,rama
رامز,Ramz
رامى,Rama
رامي,rami
راميه,Ramaiah
راني,Ranei
رانيا,rania
رانية,Raneiah
رانيه,Raneiah
ربا,ruba
رباب,rabab
رباح,rabah
ربحي,rabhi
ربفان,Rabfan
ربيحه,Rabihah
ربيع,Rabia
رتاج,Rtaj
رتال,Rtal
رتيبه,Rtibah
رتيل,Rtil
رجاء,Rjaa
رجب,rajab
رحاب,Rahab
رحمه,rahmah
رحيق,Rahaiq
رحيمه,Rahaiamuah
رخا,Rkha
ردينه,Rdinuah
رزان,Rzan
رزق,rizq
رساله,Rsalah
رسل,Rsal
رسمى,Rsama
رسمي,Rsamai
رسمية,Rsamaiah
رسميه,Rsamaiah
رسيل,Rsail
رشا,rasha
رشاد,Rshad
رشدي,rushdi
رشوان,Rshwan
رشيد,Rshid
رضا,Radha
رضه,Radhah
رضوان,radwan
رضوى,Radhoa
رعاب,Raab
رغد,raghad
رغدة,Raghdah
رغده,Raghdah
رفان,rafan
رفعت,Rafat
رفعه,Rafaah
رفقه,Rafaqah
رفيع,Rafie
رفيف,Rafief
رفيفان,Rafiefan
رفيق,Rafiq
رقية,Ruqaiah
رقيه,Ruqaiah
ركان,Rkan
رماح,Rmah
رمزى,Rmza
رمزي,Rmzai
رمزيه,Rmzaiah
رمضان,ramadan
رنا,rana
رناد,Rnad
رند,Rnad
رندا,Rnada
رندة,Rnadah
رنده,Rnadah
رنيم,Rniam
رنين,Rnin
رهام,Rham
رهان,Rhan
رهف,rahaf
رهيفه,Rhaifah
روئ,Roa
رواء,Rawaa
رواد,rawad
روان,rawan
رواند,Rawanad
رواي,Rawai
روبين,Robin
روحى,Roha
روحي,Rohai
روحيه,Rohaiah
روز,Roz
روزا,Roza
روزان,rozan
روزه,Rozuah
روزين,Rozain
روضة,Rodhah
روضه,Rodhah
روعه,Roaah
روقه,Roqah
روك,rok
رولا,Rola
رولان,rolan
روند,Ronad
رونزا,Ronaza
رويده,Roidah
رويعي,Roiai
رياض,Raiadh
رياطي,Raiatai
ريام,Raiam
ريان,Raian
ريّان,Riّan
ريتا,rita
ريتاج,Ritaj
ريتال,Rital
ريحان,Rihan
ريدا,rida
ريفان,Rifan
ريفانا,Rifana
ريم,reem
ريما,Riama
ريماس,Riamas
ريمان,Riaman
ريمي,Riamai
ريناد,Rinad
ريهام,Riham
زانه,Zanuah
زاهد,Zahad
زاهده,Zahadah
زاهر,Zahir
زايد,Zaid
زرعي,Zrai
زريد,Zrid
زريعي,Zriai
زريف,Zrif
زعتر,Zatr
زعرب,Zarab
زعل,Zal
زغبر,Zghbr
زغره,Zghrah
زقماط,Zqmat
زقوت,Zqot
زقول,Zqol
زكري,Zkari
زكريا,Zkaraia
زكى,Zka
زكي,zaki
زكية,Zakiah
زكيه,Zakiah
زملط,Zmlt
زنون,Zinon
زهد,Zuhad
زهدي,Zuhadi
زهديه,Zuhadiah
زهر,Zuhr
زهراء,Zuhraa
زهرة,Zuhrah
زهره,Zuhrah
زهري,zuhri
زهور,Zuhoar
زهير,zuhair
زوجة,Zwjah
زويد,Zoid
زياد,Zyad
زيادة,Ziadah
زياده,Ziadah
زيد,Zaid
زيدان,zeydan
زين,Zain
زينالدين,zein-al-din
زينالعابدين,zain-al-abidin
زينب,zainab
زينة,zeina
زينه,Zainuah
زينو,zeino
سائد,saed
سائده,Saadah
ساجد,Sajad
ساجدة,Sajadah
ساجده,Sajadah
ساجي,saji
سارة,sarah
ساره,sarah
ساري,sari
ساقالله,saqallah
ساكب,Sakb
ساكن,Sakn
سالم,salem
سالمم,Salamm
سالي,sally
سامح,sameh
سامر,samer
سامى,Sama
سامي,sami
سامية,samia
ساميه,samia
ساندي,Sanadi
ساهر,Sahir
سبأ,Sba
سبع,Saba’a
سبيتة,Sbitah
ستيتان,Stitan
سجا,Saja
سجال,Sjal
سجود,Sjod
سجى,saja
سحر,Sahaar
سحلوب,Sahilob
سحويل,Sahoil
سدر,Sadr
سدن,Sadn
سديل,Sadil
سراء,Sraa
سراب,Srab
سراج,siraj
سراجالدين,siraj-al-din
سرجان,Srjan
سرحان,Srahan
سرور,Sroar
سرين,Srin
سريه,Sriah
سطام,Stam
سعاد,suad
سعادة,Saaadah
سعد,Saad
سعدات,Saadat
سعدالدين,saad-el-din
سعدالله,Saadallah
سعده,Saadah
سعدو,Saado
سعدون,Saadon
سعدى,Saada
سعدي,Saaudai
سعديه,Saaudaiah
سعود,Saaod
سعيد,saeed
سفيان,Sufian
سكر,Skar
سكيك,Skik
سكينة,Skinah
سلاح,Salah
سلاف,Salaf
سلام,salam
سلامة,salama
سلامه,Salamuah
سلسبيل,Salsbil
سلطان,Saltan
سلمان,salman
سلمن,Salamun
سلمى,salma
سلمي,Salamai
سلوت,Salot
سلوى,Saloa
سليم,Saleem
سليمان,suleiman
سليمه,Sulaiamuah
سلينا,SuLina
سما,sama
سماء,Samaa
سماح,samah
سماره,Samarah
سماهر,Samahir
سمحان,Samahan
سمر,samar
سمره,Samarah
سمعان,Samuaan
سمور,sammour
سمية,Somaia
سميح,Samaih
سميحة,Samaihah
سميحه,Samaihah
سمير,Sameir
سميرة,Sameirah
سميره,Sameirah
سميه,Somaia
سنا,Sana
سناء,Sanaa
سنان,Sanan
سند,Sanaad
سندس,Sanaads
سنينه,Saninuah
سنيورة,Sanioarah
سنيوره,Sanioarah
سها,suha
سهاد,suhad
سهام,Suham
سهبل,Suhbl
سهر,sahar
سهمود,Suhmod
سهى,suha
سهيد,Suhid
سهير,Suhir
سهيل,suhail
سهيلة,Suhailah
سهيله,Suhailah
سوار,Sawar
سواري,Sawari
سوازن,Sawazin
سوزان,Saozan
سوزانا,Saozana
سوسن,Saosan
سومه,Saomuah
سونيا,Saonia
سونيه,Saoniah
سويدان,suwaidan
سويلم,Saoilam
سيد,Said
سيدا,Saida
سيدال,Saidal
سيدرا,Saidra
سيزان,Saiazan
سيف,saif
سيفالاسلام,saif-al-islam
سيفالدين,saif-al-din
سيفيناز,Saifinaz
سيلا,Silla
سيلين,celine
سيلينا,Celina
سيمات,Saiamat
شابط,Shabt
شادى,Shada
شادي,shadi
شاديه,Shadiah
شاكر,shaker
شام,sham
شامخ,shamekh
شامه,Shamuah
شامية,Shamaiah
شاميه,Shamaiah
شاهر,Shahir
شاهره,Shahirah
شاهين,shaheen
شاهيناز,Shahinaz
شبات,Shbat
شباط,Shbat
شبانه,Shbanuah
شبير,shbeir
شتات,Shtat
شتيوي,Shtioi
شحاته,Shhatah
شحاد,Shhad
شحادة,Shhadah
شحاده,Shhadah
شحته,Shhtah
شحدة,Shhdah
شحده,Shhdah
شحيبر,Shhaibr
شخصه,Shkhsuah
شداد,Shdad
شذا,shaza
شذى,Shtha
شراب,Shrab
شرحه,Shrahah
شرف,Shraf
شروق,Shuroq
شريف,Shrif
شريفة,Shrifah
شريم,Shriam
شرين,Shrin
شريهان,Shrihan
شعائر,Shaaar
شعبان,shaaban
شعت,Shat
شعشاعه,Shashaaah
شعلق,Shaliaq
شعيب,Shaib
شفا,Shfa
شفيق,Shfiq
شفيقه,Shfiqah
شقفة,Shqfah
شقفه,Shqfah
شقليه,Shqlaiah
شقورة,Shqoarah
شقوره,Shqoarah
شقيلة,Shqailah
شقيله,shaqila
شكري,Shokri
شكرية,Shokriah
شكشك,Shkshk
شكور,Shkoar
شكيان,Shkian
شلاش,ShlIsh
شلالفه,Shlalfah
شلايل,Shlail
شلبيه,Shlbiah
شلح,Shlh
شلحه,Shlhah
شلدان,shaldan
شلط,Shlt
شلوف,Shlof
شمالي,Shmalai
شمس,shams
شملخ,Shmlkh
شموط,Shmot
شناعه,
شنشير,Shnashir
شنن,Shnn
شهاب,shehab
شهد,Shahad
شهرزاد,Shuhrzad
شهوان,shahwan
شهيرة,Shahirah
شوقي,Shoqai
شوكت,Shokt
شومر,shomar
شياح,Shiah
شيخ,Shikh
شيرين,Shirin
شيماء,Shaimaa
صائب,Saab
صابر,Sabr
صابره,Sabrah
صابرين,Sabrin
صادق,Sadq
صافي,safi
صافيناز,Safiinaz
صافيه,Safiiah
صالج,Salj
صالح,saleh
صالحة,Salihah
صالحه,Salhah
صالحيه,Salhaiah
صامد,Samd
صايل,Sail
صايمه,Saiamuah
صبا,saba
صباح,sabah
صبح,Sbh
صبحه,Sbhah
صبحى,Sbha
صبحي,Sobhi
صبحية,Sobhiah
صبحيه,Sobhiah
صبرة,Sabrah
صبره,Sabrah
صبرى,Sabra
صبري,sabri
صبرين,Sabrin
صبيح,Sbih
صبيحه,Sbihah
صخر,Skhr
صدام,Sadam
صدفه,Sadfah
صدقي,Sadqai
صديق,Sadiq
صرصور,Sarsoar
صفا,safa
صفاء,Safaa
صفوان,safwan
صفوت,Safot
صفية,Safiah
صفيه,Safiah
صقر,Squr
صلاح,salah
صلاحالدين,salah-ud-din
صليح,Slaih
صمود,Smod
صنعالله,sanallah
صهيب,Suhib
صهيبان,Suhiban
صهيون,Suhion
صوان,Swan
صيام,seyam
صيدم,Sidm
ضاهر,daher
ضاوي,Dhaoi
ضبان,Dhban
ضحى,Dhuha
ضرغام,Dhurgham
ضمر,Dhmar
ضميده,Dhmaidah
ضهير,Dhhir
ضيا,Dhia
ضياء,diaa
ضياءالحق,zia-al-haq
ضياءالدين,dia-al-din
ضيف,Dhif
ضيفالله,deifallah
طائل,Tael
طارق,tariq
طافش,Tafsh
طالب,Talb
طالع,Tala
طاهر,Tahir
طبازي,Tbazai
طباسي,Tbasai
طبش,Tbsh
طبيخ,Tbikh
طراد,Trad
طروش,Trosh
طشطاش,TshtIsh
طعمه,Tamuah
طفلاخلاص,Tflakhalas
طفلة,
طفلسلمى,Tflsaluma
طفله,Tflah
طلال,talal
طلب,talab
طلعت,talat
طليب,Tlaib
طمبوره,Tmboarah
طموس,Tmos
طنبوره,tanboura
طه,taha
طوطح,totah
طومان,Toman
طويل,Toil
ظافر,Zafar
ظاهر,zahir
ظريف,Zrif
عائد,Aaad
عائده,Aaadah
عائشة,Aaashah
عائشه,Aaashaah
عابد,abed
عابدين,Abedin
عادل,adel
عارف,Aaraf
عاشور,ashour
عاصف,Aasaf
عاصم,Aasm
عاصى,Aasa
عاطا,Aata
عاطف,atef
عامر,Aamar
عاهد,Aahad
عاهده,Aahadah
عايد,Aaid
عايدة,Aaidah
عايده,Aaidah
عايش,ayesh
عايشة,Aaishah
عايشه,Aaishaah
عبادة,Abdah
عباده,Abdah
عباس,abbas
عبد,abd
عبدالباري,Abdalbari
عبدالباقي,abdul-baqi
عبدالجابر,abdul-jaber
عبدالجبار,abdul-jabbar
عبدالجفيظ,Abdaljfiz
عبدالجليل,abdul-jalil
عبدالجواد,abdul-jawad
عبدالحافظ,abdul-hafez
عبدالحسني,abdul-hassani
عبدالحفيظ,abdul-hafeez
عبدالحق,abdul-haq
عبدالحكيم,Abdalhakiam
عبدالحليم,abdul-halim
عبدالحميد,Abdalihamaid
عبدالحي,abdul-hay
عبدالخالق,Abdalkhaliq
عبدالدايم,abdul-dayem
عبدالدردساوي,abdul-dardasawi
عبدالرؤوف,Abdalruof
عبدالرازق,Abdalrazq
عبدالرحمن,Abdalrahamun
عبدالرحيم,Abdalrahaiam
عبدالرزاق,Abdalrzaq
عبدالرزق,Abdalrzq
عبدالساتر,Abdul-Sattar
عبدالستار,abdul-sattar
عبدالسطري,abdul-satri
عبدالسلام,Abdalsalam
عبدالسميع,abdul-sami
عبدالشافي,abdul-shafi
عبدالصمد,abdul-samad
عبدالعاطي,Abdalaatai
عبدالعال,Abdalaal
عبدالعزيز,Abdalazaiaz
عبدالعظيم,abdul-atheem
عبدالعقاد,abdul-akkad
عبدالغفار,Abdalghufar
عبدالغفور,abdul-ghafour
عبدالغني,abdul-ghani
عبدالفتاح,AbdAl-Fattah
عبدالقادر,abdul-qader
عبدالقرا,abdul-qara
عبدالقرم,abdul-qurm
عبدالكريم,Abd
عبداللحام,abdul-laham
عبداللطيف,Abdalltaif
عبدالله,abdullah
عبدالمالك,abdul-malek
عبدالمجيد,AbdAl-Majid
عبدالمحسن,abdul-mohsen
عبدالمظلوم,abdul-mazloum
عبدالمعطى,Abdalamuata
عبدالمعطي,Abdalamuaatai
عبدالملك,Abdalamlk
عبدالمنعم,Abdalamunam
عبدالمولى,abdul-mawla
عبدالناصر,Abdalnasar
عبدالنبي,Abdalnabi
عبدالنور,abdul-nour
عبدالهادي,AbdAl-Hadi
عبدالواحد,abdul-wahed
عبدالوهاب,abdul-wahab
عبدان,Abdan
عبدحجاج,abdul-hajjaj
عبدخليل,abdul-khalil
عبددبابش,abdul-dababesh
عبددبور,abd-dabour
عبددلول,abd-dalloul
عبدربه,Abdrabah
عبدربو,abd-rabou
عبدسليم,abd-salim
عبدسليمان,abd-suleiman
عبدعوض,abd-awad
عبدفتوح,abd-fattouh
عبدمحمود,abd-mahmoud
عبدمطر,abd-matar
عبدمقاط,abd-maqat
عبده,Abdah
عبدو,abdo
عبله,Ablah
عبود,Abod
عبوده,Abodah
عبيد,Obeid
عبيدالله,Obeidallah
عبيدة,obaida
عبيده,Obeidah
عبير,abeer
عتيق,atiq
عثمان,Athman
عُثمان,Aُthman
عجور,Ajoar
عدس,Ads
عدله,Adlah
عدلي,Adlai
عدنان,adnan
عدنلن,Adnln
عدوان,adwan
عدي,Audai
عرابة,arabah
عراده,Aradah
عرار,arar
عرام,aram
عرب,Arab
عرفات,arafat
عرفه,Arafah
عرندس,Arnads
عروق,Aroq
عريف,Arif
عريفه,Arifah
عز,ezz
عزات,Azat
عزازمه,Azazmuah
عزالدين,AzAl-Deen
عزاله,Azalah
عزام,Azam
عزامي,Azamai
عزب,Azb
عزة,Azah
عزمى,Azma
عزمي,Azmai
عزه,Azuah
عزو,Azo
عزوز,Azoz
عزوم,Azom
عزيز,Azaiaz
عزيزة,Azaiazah
عساف,assaf
عسفه,Asfah
عسقول,
عسكر,askar
عسلية,asalia
عسليه,Asulaiah
عشمه,Ashmuah
عشو,asho
عشيبه,Ashibah
عصام,essam
عصر,Asar
عصفور,Asafoar
عصمت,Asmt
عطا,ata
عطاالله,Aataallah
عطاف,Aataf
عطايا,Aataia
عطوان,atwan
عطوة,Atoah
عطوه,Atoah
عطية,Aataiah
عطيه,Aataiah
عطيوي,
عفاف,Afaf
عفانة,Afanah
عفانه,Afanuah
عفت,Aft
عفيف,Afief
عقل,aql
عقله,Aqlah
عقيل,Aqail
عقيلان,Aqailan
عكاشه,AkIshaah
عكيلة,Akilah
عكيله,Akilah
علا,Alaa
عُلا,Ula
علاء,Alaaa
علاءالدين,AlaaaAl-Deen
علام,Alaam
علاوي,Alaaoi
علوان,alwan
علوش,Alosh
على,Ala
علي,ali
عليا,Alaia
علياء,Alaiaa
عليان,Alaian
عليه,Alaiah
عليوة,Alaioah
عليوه,Alaioah
عماد,Emad
عمادالدين,EmadAl-Deen
عمار,ammar
عمارة,Ammarah
عماره,Ammarah
عمر,omar
عمران,Omaran
عمرة,Amarah
عمرو,Amaro
عميد,Amaid
عميره,Omeira
عنان,Anan
عنايات,Anaiat
عنتر,Antr
عهد,Ahad
عهود,Ahod
عواجه,Awajaah
عواد,awad
عودة,Aodah
عودةالله,audatallah
عودتالله,audatallah
عوده,Aodah
عودهالله,odehallah
عوض,Aodh
عوضالله,awadallah
عوكل,Aokal
عوني,Aoni
عويص,Aois
عويضة,Aoidhah
عويضه,aweida
عياد,Aiad
عيادة,Aiadah
عياده,Aiadah
عياش,AiIsh
عيد,Aid
عيدالزقزوق,eid-al-zaqzouq
عيدة,Aidah
عيددردونه,eid-dardouna
عيده,Aidah
عيسى,issa
عيشة,Aishah
عيشه,Aishaah
عيطة,Aitah
عيم,Aiam
عيوش,Aiosh
غادة,Ghadah
غاده,Ghadah
غازى,Ghaza
غازي,ghazi
غالب,Ghalb
غالي,Ghalai
غالية,Ghalaiah
غاليه,Ghalaiah
غانم,Ghanm
غباين,Ghbain
غبن,Ghbn
غدي,Ghdi
غدير,Ghdir
غراب,Ghrab
غرام,Ghram
غرقود,Ghrqod
غريب,Ghrib
غريز,Ghriaz
غزال,Ghzal
غزل,ghazal
غسان,ghassan
غطاس,Ghtas
غلا,Ghla
غلامالدين,ghulam-ud-din
غنام,Ghnam
غنى,Ghna
غنيم,Ghniam
غنيمه,Ghniamuah
غياض,Ghiadh
غيث,Ghith
غيداء,Ghidaa
فؤاد,fouad
فاتن,Fatin
فاتنه,Fatinuah
فادى,Fada
فادي,fadi
فاديه,Fadiah
فارس,fares
فاروق,Faroq
فاضل,fadel
فاطمة,fatima
فاطمةالزهراء,fatima-al-zahra
فاطمه,fatima
فاطمهالزهراء,fatima-al-zahra
فالوجي,Falwji
فايد,Faid
فايدة,Faidah
فايده,Faidah
فايز,fayez
فايزة,Faiazah
فايزه,fayza
فايق,Faiq
فايقة,Faiqah
فايقه,Faiqah
فتحي,fathi
فتحية,Fathiah
فتحيه,Fathiah
فتنه,Ftinuah
فتوح,Ftoh
فتيحه,Ftihah
فجر,fajr
فحجان,Fhajan
فخرى,Fakhra
فخري,fakhri
فخريه,Fakhriah
فدا,Fda
فداء,feda
فدعوس,fadous
فدوى,fadwa
فدوي,Fdoi
فرات,Farat
فراس,Faras
فرج,faraj
فرجالله,farajallah
فرح,farah
فرحات,farahat
فرحان,Farahan
فرحانه,Farahanuah
فرحه,Farahah
فردوس,Fardos
فروانة,Farawanah
فروانه,Farawanuah
فريال,faryal
فريج,Farij
فريح,Farih
فريد,farid
فريدة,Faridah
فريده,Faridah
فريز,Fariaz
فريزه,Fariazuah
فرينه,Farinuah
فزعاط,Fazaat
فسفوس,Fsfos
فسيفس,Fsaifs
فصل,Fsl
فضة,Fadhah
فضل,fadl
فطاير,Ftair
فكري,Fikari
فكريه,Fikariah
فلاح,Flah
فلاديمير,Fladiameir
فلة,Flah
فلسطين,Flstain
فلفل,Flfl
فله,Flah
فنانه,Fananuah
فنقه,Fanqah
فهد,Fhad
فهمي,fahmi
فهيم,Fhaiam
فهيمه,Fhaiamuah
فواز,Fwaz
فوجو,Fwjo
فودة,Fodah
فورة,Foarah
فوره,Jradah
فوز,Foz
فوزى,Foza
فوزي,Fozai
فوزية,Fozaiah
فوزيه,Fozaiah
فياض,Fiadh
فيروز,Firoz
فيروزة,Firozah
فيصل,Fisl
فيولا,fiola
قادوس,Qados
قاسم,Qasam
قاضي,Qadhi
قبلان,Qbilan
قداده,qadadah
قدر,qadr
قدس,Qads
قدوحه,Qadohah
قدورة,Qadoarah
قدوره,Qadoarah
قدوس,Qados
قدوم,Qadom
قديح,Qadih
قرقز,Qurqz
قرمان,Qurman
قرموط,Qurmot
قروط,Qurot
قريقع,Quriqa
قريناوي,Qurinaoi
قزعاط,Qzaat
قزعان,Qzaan
قسام,Qsam
قشطة,Qshtah
قشطه,Qshtah
قشلان,Qshlan
قصى,Qusa
قصي,Qusi
قضامه,Qdhamuah
قطاع,Qtaa
قطامش,Qtamsh
قطر,Qtr
قطشان,Qtshan
قطوش,Qtosh
قطوم,Qtom
قطيط,Qtait
قطيفان,Qtaifan
قلجه,Qljaah
قمر,Qmar
قموم,Qmom
قنديل,qandil
قنن,Qnn
قنوع,Qnoa
قنونه,Qnonuah
قنيطه,Qnitah
قوصه,Qosuah
قويدر,Qoidr
قيس,qais
قيسي,Qaisai
قيصر,Qaisar
قيطة,Qaitah
قيطه,Qaitah
كارم,Karm
كاسترو,Kastro
كاظم,kazem
كالي,Kalai
كامل,kamel
كامله,Kamelah
كامليا,Kamelaia
كاميليا,Kamailaia
كاميليه,Kamailaiah
كايد,Kaid
كباجة,Kbajah
كباجه,Kbajaah
كتكت,Ktkt
كتوع,Ktoa
كحيل,kahil
كرد,Kard
كرديه,Kardiah
كرم,karam
كرمل,Karml
كرنز,karnaz
كرولين,Karolain
كريري,kariri
كريزم,Kariazm
كريم,Kariam
كريمان,Kariaman
كريمة,Kariamah
كريمه,Kariamuah
كساب,Ksab
كسكين,keskin
كسيحه,Ksaihah
كشكو,Kshko
كعبر,Kabr
كفا,Kfa
كفاح,Kfah
كفايه,Kfaiah
كفينه,Kfinuah
كلاب,Kalab
كلخ,Kalkh
كلوب,Kalob
كلوسة,Kalosah
كلوسه,Kalosuah
كليب,Kalaib
كمال,kamal
كميل,Kamail
كميليا,Kamailaia
كنان,Knan
كندا,Knada
كندة,Knadah
كنده,Knadah
كنزي,Knazai
كنعان,Knaan
كوارع,Kwara
كوثر,Kothr
كوكب,Kokb
كيان,Kian
كيس,Kis
كيلاني,Kilanei
لؤي,Luai
لارا,lara
لارين,Larin
لافي,Lafii
لانا,lana
لانه,Lanuah
لايوجد,Laiwjad
لباد,Lbad
لبد,labad
لبده,Lbadah
لبنا,Lbna
لبنه,Lbnuah
لبنى,lubna
لبيب,Lbib
لجين,Ljin
لطف,Ltf
لطفى,Ltfa
لطفي,Ltfi
لطيفة,Ltaifah
لطيفه,Ltaifah
لظن,Lzn
لقمان,Liqman
لما,lama
لمار,lamar
لمى,Luma
لمياء,Lamaiaa
لميس,Lamais
لندا,Lnada
لواحظ,Lwahz
لوبين,Lobin
لوتس,Lots
لورين,Loarin
لوز,Loz
لولح,Lolh
لولو,Lolo
لونا,Lona
لويزا,Loiaza
ليار,Laiar
ليان,layan
لية,Laiah
ليث,Laith
ليزا,Laiaza
ليلى,Laila
ليلي,Lailai
ليليان,Lailaian
لين,Lain
لينا,lina
لينة,Linah
ليندا,Linada
لينه,Lainuah
مأمون,Mamon
مؤزر,Muzr
مؤمن,Mumun
مؤنس,Munis
مؤيد,Muaid
ماجد,majed
ماجدة,Majadah
ماجده,Majadah
مادلين,Madlain
ماري,Mari
ماريا,Maraia
مارية,Mariah
ماريه,Mariah
ماريهان,marihan
مازن,Mazin
ماسة,Masah
ماسه,Masuah
ماضي,Madhi
مالك,Malk
مامون,Mamon
ماهر,Mahir
مايا,Maia
مبارك,mubarak
مباركه,Mbarkah
مبروك,Mbrok
متعددة,Mtaddah
متوكل,Mtokal
متولي,Mtolai
مثقال,Muthqal
مجاهد,Mjahad
مجد,Mjad
مجدالدين,majd-al-din
مجدى,Mjada
مجدي,Mjadi
مجديه,Mjadiah
مجهوا,Mjahwa
مجهول,unknown
مجيد,Majid
محارب,Maharab
محاسن,Mahasan
محجز,Mahajz
محجوب,Mahajob
محرز,Muharz
محرم,Muharm
محروس,Muharos
محسن,Muhasan
محضيه,Muhdhiah
محفوظ,Mahfoz
محمد,muhammad
مُحمد,Muhammad
محمدد,Muhamdd
محمدرياض,Muhamdraiadh
محمدعوض,Muhamduaodh
محمدمنتصر,Muhamdmuntsar
محمود,mahmoud
محود,Muhod
محيالدين,mohieddin
محيسن,Muhaisan
مخلص,Mukhals
مخيمر,Mukhiamar
مدحت,Mdht
مدفع,Mdfa
مدلله,Mdllah
مدلين,Mdlain
مديحه,Mdihah
مدين,Mdin
مذكور,Mthkoar
مراد,Marad
مرار,Marar
مرازيق,Marazaiq
مرام,maram
مرتجى,Martja
مرتجي,Martji
مرجان,Marjan
مرجونه,Marjonuah
مرح,marah
مرزق,Marzq
مرزوق,Marzoq
مرزوقه,Marzoqah
مرشد,Marshd
مرشود,Marshod
مرضي,Maradhi
مرعي,Marai
مرفت,Maraft
مروان,Marawan
مروة,Maroah
مروه,Maroah
مريا,Maraia
مريد,Marid
مريم,Mariam
مريهام,Mariham
مزهر,Mzuhr
مزيد,Mzaid
مزين,Mzain
مزيونة,Mzaionah
مسارعي,Msarai
مسامح,Msamuh
مستغانم,Mstghanm
مسره,Msrah
مسعد,Msaad
مسعود,Msaaod
مسعوده,Msaaodah
مسك,Msk
مسلم,muslim
مسلمة,Msalamah
مسلمه,Msalamuah
مسمح,Msamuh
مشتهى,Moshtaha
مشتهي,Mshthi
مشرف,Mshraf
مشعل,Mshal
مشمش,Mshmsh
مشير,Mshir
مصباح,mesbah
مصبح,Musbeh
مصطفى,mustafa
مصطفي,Mustfi
مصعب,musab
مصفر,Musafar
مصلح,musleh
مضعان,Mdhaan
مطاوع,mutawa
مطر,Motar
مطلق,Mtliq
مطير,Mtair
مطيع,Mtaia
معاذ,moaz
معالى,Muaala
معاوية,Muaaoiah
معاويه,Muaaoiah
معتز,Muatz
معتصم,Muatsm
معتوق,Muatoq
معراج,Muaraj
معروف,Muarof
معز,Muaz
معزز,Muazz
معزوزه,Muazozuah
معمر,muammar
معيلق,Muailiq
معين,Muain
معيوف,Muaiof
مغاري,Mghari
مغافل,Mghafl
مفرج,MuFaraj
مفلح,Muflh
مفيد,mufid
مفيده,Mufidah
مقاط,Muqat
مقبل,Muqbl
مقبول,Muqbol
مقبوله,Muqbolah
مقداد,Muqadad
مكة,Makah
مكرم,Makarm
مكه,Makah
ملاحي,Mlahai
ملاك,Mlak
ملك,malak
ملكه,Mlkah
ملكيه,Malikah
ممتاز,Mmtaz
ممدوح,Mmdoh
منار,manar
منال,manal
منة,Mena
منةالله,Munhallah
منتصر,Muntsar
منتهى,Muntha
منذر,Munthr
منسي,Munisai
منصور,Munasoar
منصورة,Munasoarah
منصوره,Munasoarah
منه,Munuah
منهالله,menat-allah
منهل,Munuhl
منور,Munoar
منون,Munon
منى,mona
مني,Mani
منيب,Manib
منير,Manir
منيه,Maniah
مها,maha
مهاني,Muhani
مهدى,Muhada
مهدي,Muhadi
مهدية,Muhadiah
مهران,Muhran
مهرمان,Muhrman
مهنا,Muhna
مهند,muhannad
مهيب,Muhib
مهيم,Muhaiam
مودة,Modah
موسى,Mousa
موسي,Mousai
موفق,Mofaq
مولى,Mola
مونس,Monis
مي,Mai
ميادة,Maiadah
ميار,Maiar
مياز,Maiaz
مياس,Maias
ميان,Maian
ميرا,Meira
ميرال,Meiral
ميرام,Meiram
ميرفت,Meiraft
ميرنا,Meirna
ميزر,Maiazr
ميس,mais
ميسا,Maisa
ميساء,Maisaa
ميسر,Maisr
ميسرة,Maisrah
ميسره,Maisrah
ميسم,Maisam
ميسون,Maisaon
ميلا,Maila
ميلانا,Mailana
ميمنه,MAymanuah
ميمه,Maiamuah
ميمونة,Maiamonah
نائل,nael
نائله,Naelah
ناجح,Najh
ناجى,Naja
ناجي,naji
ناجيه,Najiah
نادر,Nadr
نادره,Nadrah
نادريم,Nadriam
نادرين,Nadrin
نادي,Nadi
نادية,Nadiah
نادين,Nadin
ناديه,Nadiah
ناريمان,Nariaman
نازك,Nazk
ناصر,nasser
ناصرالدين,nasser-al-din
ناصرة,Nasarah
نافذ,Nafath
نافز,Nafaz
ناهد,Nahad
ناهدة,Nahadah
ناهده,nahida
ناهض,Nahdh
نايا,Naia
نايف,Naif
نايفه,Naifah
نبأ,Naba
نبال,Nabal
نبتيتي,Nabtiti
نبعات,Nabaat
نبهان,nabhan
نبوغ,Nabogh
نبيل,nabil
نبيلة,Nabilah
نبيله,Nabilah
نبيه,Nabiah
نتيل,nateel
نجا,naja
نجاة,Najaah
نجاح,najah
نجار,Najar
نجلاء,Najlaa
نجم,Najm
نجمة,Najmah
نجوى,najwa
نجوي,Najoi
نجيب,najib
نجيبه,Najibah
نجية,Najiah
نجيه,Najiah
ندا,Nada
نداء,Nadaa
ندى,nada
ندي,Nadi
نديد,Nadid
ندير,nadir
نديم,Nadiam
ندين,Nadin
نذير,Nthir
نرجس,Nrjs
نرمين,Nrmain
نريمان,Nriaman
نزار,Nazar
نزهات,Nazuhat
نزهه,Nazuhah
نسرين,Nisrin
نسمان,Nisaman
نسمة,Nisamah
نسمه,Nisamuah
نسيبة,Nisaibah
نسيبه,Nisaibah
نسيم,Nisaiam
نشأت,Nashat
نشبت,Nashbt
نصار,nassar
نصر,nasr
نصرالدين,nasr-al-din
نصرالله,Nasarallah
نصري,Nasari
نصير,Nasir
نصيف,Nasif
نضال,nidal
نطط,Ntt
نظار,Nizar
نظام,nizam
نظمي,Nizmai
نظميه,Nizmaiah
نظير,Nizir
نعمان,Noma'an
نعمة,Namah
نعمه,Namuah
نعومة,Naomah
نعيم,Naiam
نعيمة,Naiamah
نعيمه,Naiamuah
نغم,Ngham
نفوذ,Nfoth
نفوز,Nfoz
نفين,Nfin
نقاء,Nqaa
نلي,Nlai
نمر,Nmar
نها,nuha
نهاد,nihad
نهال,Nuhal
نهاية,Nuhaiah
نهرو,Nuhro
نهلة,Nuhlah
نهله,Nuhlah
نهى,Nuha
نهيل,Nuhail
نواس,
نواف,Nwaf
نوال,Nwal
نوح,Noh
نور,nour
نورا,noura
نورالدين,NoorAl-Deen
نورالهدى,Nooralhada
نوران,Noran
نورة,noura
نورج,Noorj
نورز,Noorz
نوره,Norah
نورهان,nourhan
نوري,Noori
نوس,Nos
نوفل,Nofl
نويري,Noiri
نياز,Niaz
نيبال,nibal
نيفين,Nifin
نيكولا,Nikola
هاجر,Hajr
هادي,hadi
هادية,Hadiah
هاديه,Hadiah
هارون,Haron
هاشم,hashem
هالا,Hala
هالة,Halah
هاله,Halah
هانزادا,Hanazada
هانى,Hana
هاني,hani
هايدي,Haidi
هايل,Hail
هبا,Hba
هبة,heba
هبةالله,hebatallah
هبه,heba
هتهت,Htht
هداء,Hadaa
هداف,Hadaf
هدايا,Hadaia
هداية,
هدروس,Hadaros
هدون,Hadon
هدى,Hada
هدي,Hadi
هديب,Hadib
هدير,hadir
هديل,Hadil
هديوي,Hadioi
هزار,Hzar
هشام,Hsham
هلا,Hla
هلال,Hlal
هليس,Hlais
هليل,Hlail
هلين,Hlain
همام,Hmam
همسة,Hmsah
هنا,hana
هناء,hanaa
هنادي,Hnadi
هند,hind
هنده,Hinadah
هندي,Hnadi
هنية,Hniah
هنيه,Hniah
هود,Hod
هولي,Holai
هويدا,Hoida
هويدة,Hoidah
هويده,Hoidah
هويشل,Hoishl
هيا,Hia
هيام,hiyam
هيثم,Hitham
هيجر,Hijr
هيفاء,Haifaa
هيكل,Hikal
هيلن,Hailn
وئام,Waam
وائل,wael
وائله,Waelah
واجد,Wajad
وادى,Wada
وادي,wadi
واصل,Wasl
وافي,Wafii
واكد,Wakd
وتين,Wtin
وجدان,Wjadan
وجدي,Wjadi
وجهول,Wjahol
وجيه,Wjiah
وحيد,Whaid
وداد,Wdad
وديع,Wdia
ورد,ward
وردة,Wardah
ورده,Wardah
ورش,warsh
وسام,wissam
وسيم,Wsaiam
وشاح,Wshah
وشح,Wshh
وصال,Wsal
وصفي,Wsafi
وصفية,Wsafiah
وصفيه,Wsafiah
وطن,Wtan
وعد,Wad
وفاء,Wfaa
وفيه,wafeyah
ولاء,Wlaa
وليد,Waleed
وليم,Wlaiam
وهبة,Whbah
وهبه,wahba
وهدان,Whadan
وهيب,Whib
ياءسر,Yaasr
يارا,yara
ياسر,Yasr
ياسمين,Yasmin
ياسين,Yasain
ياقوت,Yaqot
يامن,Yamun
يامي,Yamai
يحى,Yha
يحيى,Yahya
يحيي,Yhaii
يزن,Yazin
يزيد,Yazaid
يسر,Yosr
يسرى,Ysura
يسري,Ysri
ُيسري,Ysri
يعقوب,Yaqob
يقين,Yqain
يمامه,Yamamuah
يمان,yaman
يمنى,Yamuna
يوسف,yousef
يولا,yola
يونس,yunus
